price,brand
"₹4,369",Adventure Worx
₹296,KRAFTON
₹374,sky spirit
₹238,selvee
₹495,sky spirit
₹399,Flycraft
₹238,selvee
₹739,WROGN
₹739,WROGN
"₹1,063",SKYBAGS
₹986,SKYBAGS
₹729,SKYBAGS
₹649,aob
₹639,Roadster
₹374,sky spirit
₹513,TRAVEL POINT
"₹1,109",AMERICAN TOURISTER
₹491,WROGN
₹639,Roadster
₹453,TRAVEL POINT
"₹1,110",AMERICAN TOURISTER
₹679,Roadster
₹248,PLEXY
₹739,WROGN
₹419,Isparro
₹491,WROGN
₹809,SKYBAGS
"₹2,749",Red Pillar
₹299,WILLING FASHION
"₹1,029",SKYBAGS
₹229,Arctic Fox
₹935,F GEAR
₹380,Pro Life
₹809,SKYBAGS
₹249,Mi
₹773,SAFARI
₹262,PLEXY
₹428,ZONAL
₹990,SKYBAGS
₹665,SKYBAGS
